Locus	Chrom	From	To	Seq	RefRepCount
D1S1677	chr1	163590025	163590085	TTCC	15
D1S1656	chr1	230769615	230769619	CCTA	1
D1S1656	chr1	230769619	230769683	TCTA	16
TPOX	chr2	1489652	1489684	AATG	8
D2S441	chr2	68011946	68011994	TCTA	12
D2S1776	chr2	168788892	168788936	AGAT	11
D2S1338	chr2	218014858	218014866	GGAA	2
D2S1338	chr2	218014866	218014870	GGAC	1
D2S1338	chr2	218014870	218014922	GGAA	13
D2S1338	chr2	218014922	218014950	GGCA	7
D3S1358	chr3	45540738	45540742	TCTA	1
D3S1358	chr3	45540742	45540746	TCTG	1
D3S1358	chr3	45540746	45540802	TCTA	14
D3S4529	chr3	85803482	85803498	AGAT	4
D3S4529	chr3	85803498	85803502	AAAT	1
D3S4529	chr3	85803502	85803534	AGAT	8
D4S2408	chr4	31302797	31302833	ATCT	9
FGA	chr4	154587735	154587743	GGAA	2
FGA	chr4	154587743	154587747	GGAG	1
FGA	chr4	154587747	154587803	AAAG	14
FGA	chr4	154587803	154587807	AGAA	1
FGA	chr4	154587807	154587811	AAAA	1
FGA	chr4	154587811	154587823	GAAA	3
D5S2500	chr5	59401443	59401487	CTAT	11
D5S2800	chr5	59403131	59403143	GGTA	3
D5S2800	chr5	59403143	59403175	GACA	8
D5S2800	chr5	59403175	59403187	GATA	3
D5S2800	chr5	59403187	59403199	GATT	3
D5S818	chr5	123775555	123775599	ATCT	11
CSF1PO	chr5	150076323	150076375	ATCT	13
SE33	chr6	88277143	88277207	CTTT	16
SE33	chr6	88277207	88277209	TT	1
SE33	chr6	88277209	88277245	CTTT	9
D6S1043	chr6	91740224	91740272	ATCT	12
D6S474	chr6	112557950	112557970	AGAT	5
D6S474	chr6	112557970	112558018	GATA	12
D7S820	chr7	84160225	84160277	TATC	13
D8S1179	chr8	124894864	124894868	TCTA	1
D8S1179	chr8	124894868	124894872	TCTG	1
D8S1179	chr8	124894872	124894916	TCTA	11
D9S1122	chr9	77073825	77073873	TAGA	12
D9S2157	chr9	133160281	133160311	ATA	10
D10S1248	chr10	129294243	129294295	GGAA	13
TH01	chr11	2171087	2171115	AATG	7
VWA	chr12	5983976	5984020	TAGA	11
VWA	chr12	5984020	5984040	CAGA	5
VWA	chr12	5984040	5984044	TAGA	1
D12S391	chr12	12297019	12297063	AGAT	11
D12S391	chr12	12297063	12297091	AGAC	7
D12S391	chr12	12297091	12297095	AGAT	1
D12ATA63	chr12	107928589	107928598	TTG	3
D12ATA63	chr12	107928598	107928628	TTA	10
D13S317	chr13	82148024	82148068	TATC	11
D14S1434	chr14	94842053	94842065	CTGT	3
D14S1434	chr14	94842065	94842105	CTAT	10
PentaE	chr15	96831014	96831039	TCTTT	5
D16S539	chr16	86352701	86352745	GATA	11
D17S1301	chr17	74684854	74684902	AGAT	12
D18S51	chr18	63281666	63281738	AGAA	18
D19S433	chr19	29926234	29926282	CCTT	12
D19S433	chr19	29926282	29926286	CCTA	1
D19S433	chr19	29926286	29926290	CCTT	1
D19S433	chr19	29926290	29926294	CTTT	1
D19S433	chr19	29926294	29926298	CCTT	1
D20S482	chr20	4525691	4525747	AGAT	14
D21S11	chr21	19181972	19181988	TCTA	4
D21S11	chr21	19181988	19182012	TCTG	6
D21S11	chr21	19182012	19182024	TCTA	3
D21S11	chr21	19182024	19182026	TA	1
D21S11	chr21	19182026	19182038	TCTA	3
D21S11	chr21	19182038	19182041	TCA	1
D21S11	chr21	19182041	19182049	TCTA	2
D21S11	chr21	19182049	19182055	TCCATA	1
D21S11	chr21	19182055	19182099	TCTA	11
PentaD	chr21	43636204	43636269	AAAGA	13
D22S1045	chr22	37140286	37140328	ATT	14
D22S1045	chr22	37140328	37140331	ACT	1
D22S1045	chr22	37140331	37140337	ATT	2
DYS393	chrY	3263110	3263158	AGAT	12
DYS505	chrY	3772789	3772837	TCCT	12
DYS456	chrY	4402918	4402978	AGAT	15
DYS570	chrY	6993189	6993257	TTTC	17
DYS576	chrY	7185317	7185385	AAAG	17
DYS522	chrY	7547584	7547624	ATAG	10
DYS458	chrY	7999838	7999902	GAAA	16
DYS449	chrY	8349973	8350033	TTCT	15
DYS449	chrY	8350033	8350055	CTCTCTCCTCCTCTTTCTTTCC	1
DYS449	chrY	8350055	8350067	TTCT	3
DYS449	chrY	8350067	8350079	TTTCCTCTTTCC	1
DYS449	chrY	8350079	8350139	TTCT	15
DYS481	chrY	8558336	8558402	CTT	22
DYS627	chrY	8781943	8781955	AGAA	3
DYS627	chrY	8781955	8781971	AGGAAAAAAGAAAGAA	1
DYS627	chrY	8781971	8781983	AGAG	3
DYS627	chrY	8781983	8782055	AAAG	18
DYS627	chrY	8782055	8782137	AAAAAGAGAAAGAGAGAGGGAGGGAGGAGGGAGGGAGGAAGTAAAGAAGGTAAGAAGGAAGGATGGAAGTAAGGAAGGAAAG	1
DYS627	chrY	8782137	8782149	AAGG	3
DYS19	chrY	9684379	9684427	TCTA	12
DYS19	chrY	9684427	9684431	CCTA	1
DYS19	chrY	9684431	9684443	TCTA	3
DYS391	chrY	11982088	11982132	TCTA	11
DYS635	chrY	12258859	12258895	TAGA	9
DYS635	chrY	12258895	12258903	TACA	2
DYS635	chrY	12258903	12258911	TAGA	2
DYS635	chrY	12258911	12258919	TACA	2
DYS635	chrY	12258919	12258927	TAGA	2
DYS635	chrY	12258927	12258935	TACA	2
DYS635	chrY	12258935	12258951	TAGA	4
DYS437	chrY	12346266	12346302	TCTA	9
DYS437	chrY	12346302	12346310	TCTG	2
DYS437	chrY	12346310	12346326	TCTA	4
DYS439	chrY	12403516	12403564	GATA	12
DYS389-I	chrY	12500447	12500483	TAGA	9
DYS389-I	chrY	12500483	12500495	CAGA	3
DYS389-I	chrY	12500495	12500543	TACATAGATAATACAGATGAGAGTTGGATACAGAAGTAGGTATAATGA	1
DYS389-I	chrY	12500543	12500591	TAGA	12
DYS389-I	chrY	12500591	12500611	CAGA	5
DYS438	chrY	12825888	12825948	TTTTC	12
DYS612	chrY	13640727	13640742	CCT	5
DYS612	chrY	13640742	13640745	CTT	1
DYS612	chrY	13640745	13640757	TCT	4
DYS612	chrY	13640757	13640760	CCT	1
DYS612	chrY	13640760	13640835	TCT	25
DYS390	chrY	15163066	15163082	TAGA	4
DYS390	chrY	15163082	15163086	CAGA	1
DYS390	chrY	15163086	15163130	TAGA	11
DYS390	chrY	15163130	15163162	CAGA	8
DYS518	chrY	15207987	15207999	AAAG	3
DYS518	chrY	15207999	15208003	GAAG	1
DYS518	chrY	15208003	15208067	AAAG	16
DYS518	chrY	15208067	15208071	GGAG	1
DYS518	chrY	15208071	15208087	AAAG	4
DYS518	chrY	15208087	15208093	GAAGAG	1
DYS518	chrY	15208093	15208145	AAAG	13
DYS518	chrY	15208145	15208172	GAAGAGGGAGGGAAGAAGAAAAGAAAG	1
DYS518	chrY	15208172	15208188	AAGG	4
DYS643	chrY	15314131	15314186	CTTTT	11
DYS533	chrY	16281348	16281396	TATC	12
Y-GATA-H4	chrY	16631672	16631720	TCTA	12
DYS385b	chrY	18639712	18639756	TTTC	11
DYS385b	chrY	18639756	18639780	CCTT	6
DYS385a	chrY	18680607	18680631	AAGG	6
DYS385a	chrY	18680631	18680687	GAAA	14
DYS460	chrY	18888803	18888807	TCTG	1
DYS460	chrY	18888807	18888851	TCTA	11
DYS549	chrY	19358337	19358389	GATA	13
DYS392	chrY	20471986	20472025	ATA	13
DYS448	chrY	22218922	22218988	AGAGAT	11
DYS448	chrY	22218988	22219030	ATAGAGATAGAGAGATAGAGATAGAGATAGATAGATAGAGAA	1
DYS448	chrY	22219030	22219078	AGAGAT	8
DYF387S1 fragment 1	chrY	23785360	23785372	AAAG	3
DYF387S1 fragment 1	chrY	23785372	23785376	GTAG	1
DYF387S1 fragment 1	chrY	23785376	23785392	GAAG	4
DYF387S1 fragment 1	chrY	23785392	23785400	AAAG	2
DYF387S1 fragment 1	chrY	23785400	23785404	GAAG	1
DYF387S1 fragment 1	chrY	23785404	23785412	AAAG	2
DYF387S1 fragment 1	chrY	23785412	23785448	GAAG	9
DYF387S1 fragment 1	chrY	23785448	23785500	AAAG	13
DYF387S1 fragment 2	chrY	25884580	25884632	CTTT	13
DYF387S1 fragment 2	chrY	25884632	25884672	CTTC	10
DYF387S1 fragment 2	chrY	25884672	25884680	CTTT	2
DYF387S1 fragment 2	chrY	25884680	25884684	CTTC	1
DYF387S1 fragment 2	chrY	25884684	25884692	CTTT	2
DYF387S1 fragment 2	chrY	25884692	25884708	CTTC	4
DYF387S1 fragment 2	chrY	25884708	25884712	CTAC	1
DYF387S1 fragment 2	chrY	25884712	25884724	CTTT	3
DXS10135	chrY	9338301	9338313	AAGA	3
DXS10135	chrY	9338313	9338320	GAAAGGA	1
DXS10135	chrY	9338320	9338396	AAGA	19
DXS10135	chrX	9338396	9338400	AAAG	1
DXS8378	chrX	9402261	9402301	ATAG	10
DXS7132	chrX	65435646	65435702	TAGA	14
DXS10074	chrX	67757344	67757400	AAGA	14
DXS10103	chrX	134284958	134284966	TAGA	2
DXS10103	chrX	134284966	134284970	CTGA	1
DXS10103	chrX	134284970	134284974	CAGA	1
DXS10103	chrX	134284974	134285018	TAGA	11
DXS10103	chrX	134285018	134285034	CAGA	4
DXS10103	chrX	134285034	134285038	TAGA	1
HPRTB	chrX	134481508	134481560	ATCT	13
DXS7423	chrX	150542521	150542569	TGGA	12
DXS7423	chrX	150542569	150542577	AGGACAGA	1
DXS7423	chrX	150542577	150542589	TGGA	3
